checking_status,duration,credit_history,purpose,credit_amount,savings_status,employment,installment_commitment,other_parties,residence_since,property_magnitude,age,other_payment_plans,housing,existing_credits,job,num_dependents,own_telephone,foreign_worker,credit-risk,sex,marital_status,age_cat
<0,18,existing paid,radio/tv,3190,<100,1<=X<4,2,none,2,real estate,24,none,own,1,skilled,1,none,yes,bad,female,div/sep,young
<0,18,existing paid,new car,4380,100<=X<500,1<=X<4,3,none,4,car,35,none,own,1,unskilled resident,2,yes,yes,good,male,single,aged
<0,24,all paid,new car,2325,100<=X<500,4<=X<7,2,none,3,car,32,bank,own,1,skilled,1,none,yes,good,male,single,aged
>=200,12,existing paid,radio/tv,1297,<100,1<=X<4,3,none,4,real estate,23,none,rent,1,skilled,1,none,yes,good,male,mar/wid,young
no checking,33,critical/other existing credit,used car,7253,<100,4<=X<7,3,none,2,car,35,none,own,2,high qualif/self emp/mgmt,1,yes,yes,good,male,single,aged
<0,24,existing paid,radio/tv,2384,<100,>=7,4,none,4,real estate,64,bank,rent,1,unskilled resident,1,none,yes,good,male,single,aged
>=200,6,existing paid,furniture/equipment,2116,<100,1<=X<4,2,none,2,real estate,41,none,own,1,skilled,1,yes,yes,good,male,single,aged
0<=X<200,12,delayed previously,radio/tv,585,<100,1<=X<4,4,co applicant,4,real estate,20,none,rent,2,skilled,1,none,yes,good,male,mar/wid,young
no checking,9,existing paid,new car,3577,100<=X<500,1<=X<4,1,guarantor,2,real estate,26,none,rent,1,skilled,2,none,no,good,male,single,aged
no checking,27,delayed previously,used car,8613,>=1000,1<=X<4,2,none,2,car,27,none,own,2,skilled,1,none,yes,good,male,single,aged
0<=X<200,6,existing paid,radio/tv,484,<100,4<=X<7,3,guarantor,3,real estate,28,bank,own,1,unskilled resident,1,none,yes,good,male,mar/wid,aged
<0,42,existing paid,radio/tv,3965,<100,<1,4,none,3,car,34,none,own,1,skilled,1,none,yes,bad,male,single,aged
no checking,24,existing paid,radio/tv,1376,500<=X<1000,4<=X<7,4,none,1,car,28,none,own,1,skilled,1,none,yes,good,female,div/sep,aged
<0,60,existing paid,business,7297,<100,>=7,4,co applicant,4,no known property,36,none,rent,1,skilled,1,none,yes,bad,male,single,aged
0<=X<200,60,existing paid,education,6288,<100,1<=X<4,4,none,4,no known property,42,none,for free,1,skilled,1,none,yes,bad,male,single,aged
<0,18,existing paid,furniture/equipment,4153,<100,1<=X<4,2,co applicant,3,car,42,none,own,1,skilled,1,none,yes,bad,male,single,aged
no checking,15,critical/other existing credit,used car,3368,>=1000,>=7,3,none,4,no known property,23,none,rent,2,skilled,1,yes,yes,good,male,single,young
no checking,18,critical/other existing credit,radio/tv,1098,<100,unemployed,4,none,4,car,65,none,own,2,unemp/unskilled non res,1,none,yes,good,female,div/sep,aged
<0,18,critical/other existing credit,furniture/equipment,2124,<100,1<=X<4,4,none,4,real estate,24,none,rent,2,skilled,1,none,yes,bad,female,div/sep,young
<0,15,delayed previously,furniture/equipment,3643,<100,>=7,1,none,4,life insurance,27,none,own,2,unskilled resident,1,none,yes,good,female,div/sep,aged
no checking,48,critical/other existing credit,used car,8858,no known savings,4<=X<7,2,none,1,no known property,35,none,for free,2,skilled,1,yes,yes,good,male,single,aged
<0,21,delayed previously,education,3414,<100,<1,2,none,1,life insurance,26,none,own,2,skilled,1,none,yes,bad,male,single,aged
no checking,18,critical/other existing credit,radio/tv,6070,<100,>=7,3,none,4,car,33,none,own,2,skilled,1,yes,yes,good,male,single,aged
no checking,4,critical/other existing credit,radio/tv,1503,<100,4<=X<7,2,none,1,real estate,42,none,own,2,unskilled resident,2,none,yes,good,male,single,aged
no checking,9,critical/other existing credit,radio/tv,3074,no known savings,1<=X<4,1,none,2,real estate,33,none,own,2,skilled,2,none,yes,good,male,single,aged
<0,24,existing paid,radio/tv,1823,<100,unemployed,4,none,2,car,30,stores,own,1,high qualif/self emp/mgmt,2,none,yes,bad,male,single,aged
0<=X<200,36,existing paid,radio/tv,2323,<100,4<=X<7,4,none,4,car,24,none,rent,1,skilled,1,none,yes,good,male,single,young
>=200,42,no credits/all paid,business,6289,<100,<1,2,none,1,life insurance,33,none,own,2,skilled,1,none,yes,good,male,div/sep,aged
no checking,36,critical/other existing credit,used car,10477,no known savings,>=7,2,none,4,no known property,42,none,for free,2,skilled,1,none,yes,good,male,single,aged
no checking,12,existing paid,new car,2859,no known savings,unemployed,4,none,4,no known property,38,none,own,1,high qualif/self emp/mgmt,1,yes,yes,good,male,single,aged
0<=X<200,13,critical/other existing credit,radio/tv,882,<100,<1,4,guarantor,4,real estate,23,none,own,2,skilled,1,none,yes,good,male,single,young
>=200,12,existing paid,radio/tv,1881,<100,1<=X<4,2,none,2,car,44,none,rent,1,unskilled resident,1,yes,yes,good,female,div/sep,aged
no checking,18,critical/other existing credit,new car,1530,<100,1<=X<4,3,none,2,life insurance,32,bank,own,2,skilled,1,none,yes,bad,male,single,aged
>=200,6,critical/other existing credit,new car,1323,100<=X<500,>=7,2,none,4,car,28,none,own,2,skilled,2,yes,yes,good,male,div/sep,aged
no checking,36,existing paid,new car,3079,no known savings,1<=X<4,4,none,4,real estate,36,none,own,1,skilled,1,none,yes,good,male,single,aged
0<=X<200,24,existing paid,used car,2760,no known savings,>=7,4,none,4,no known property,36,bank,for free,1,skilled,1,yes,yes,good,male,single,aged
0<=X<200,36,delayed previously,new car,2862,100<=X<500,>=7,4,none,3,no known property,30,none,for free,1,skilled,1,none,yes,good,male,single,aged
no checking,12,existing paid,new car,2133,no known savings,>=7,4,none,4,no known property,52,none,for free,1,high qualif/self emp/mgmt,1,yes,yes,good,female,div/sep,aged
no checking,20,critical/other existing credit,new car,3485,no known savings,<1,2,none,4,real estate,44,none,own,2,skilled,1,yes,yes,good,male,div/sep,aged
<0,36,critical/other existing credit,furniture/equipment,6229,<100,<1,4,co applicant,4,no known property,23,none,rent,2,unskilled resident,1,yes,yes,bad,female,div/sep,young
>=200,36,existing paid,radio/tv,4473,<100,>=7,4,none,2,car,31,none,own,1,skilled,1,none,yes,good,male,single,aged
no checking,12,critical/other existing credit,education,2012,no known savings,4<=X<7,4,none,2,car,61,none,own,1,skilled,1,none,yes,good,female,div/sep,aged
>=200,24,existing paid,furniture/equipment,3749,<100,<1,2,none,4,car,26,none,own,1,skilled,1,none,yes,good,female,div/sep,aged
no checking,30,critical/other existing credit,radio/tv,2831,<100,1<=X<4,4,none,2,car,33,none,own,1,skilled,1,yes,yes,good,female,div/sep,aged
0<=X<200,21,critical/other existing credit,furniture/equipment,2745,>=1000,4<=X<7,3,none,2,car,32,none,own,2,skilled,1,yes,yes,good,male,single,aged
<0,12,existing paid,furniture/equipment,1262,no known savings,>=7,2,none,4,life insurance,49,none,own,1,unskilled resident,1,yes,yes,good,male,div/sep,aged
<0,24,all paid,furniture/equipment,6872,<100,<1,2,none,1,life insurance,55,bank,own,1,skilled,1,yes,yes,bad,male,div/sep,aged
0<=X<200,9,existing paid,furniture/equipment,918,<100,1<=X<4,4,none,1,life insurance,30,none,own,1,skilled,1,none,yes,bad,female,div/sep,aged
>=200,12,all paid,business,609,<100,<1,4,none,1,real estate,26,none,own,1,unemp/unskilled non res,1,none,yes,bad,female,div/sep,aged
no checking,4,existing paid,furniture/equipment,601,<100,<1,1,none,3,real estate,23,none,rent,1,unskilled resident,2,none,yes,good,female,div/sep,young
<0,24,existing paid,furniture/equipment,3234,<100,<1,4,none,4,real estate,23,none,rent,1,unskilled resident,1,yes,yes,bad,female,div/sep,young
no checking,30,critical/other existing credit,radio/tv,6742,no known savings,4<=X<7,2,none,3,life insurance,36,none,own,2,skilled,1,none,yes,good,male,single,aged
<0,24,existing paid,radio/tv,1603,<100,>=7,4,none,4,car,55,none,own,1,skilled,1,none,yes,good,female,div/sep,aged
0<=X<200,36,critical/other existing credit,new car,2820,<100,<1,4,none,4,car,27,none,own,2,skilled,1,none,yes,bad,male,div/sep,aged
0<=X<200,12,critical/other existing credit,used car,1804,100<=X<500,<1,3,none,4,life insurance,44,none,own,1,skilled,1,none,yes,good,male,single,aged
0<=X<200,18,existing paid,business,1913,>=1000,<1,3,none,3,real estate,36,bank,own,1,skilled,1,yes,yes,good,male,mar/wid,aged
<0,6,critical/other existing credit,new car,3676,<100,1<=X<4,1,none,3,real estate,37,none,rent,3,skilled,2,none,yes,good,male,single,aged
0<=X<200,12,existing paid,new car,1295,<100,<1,3,none,1,car,25,none,rent,1,skilled,1,none,yes,bad,female,div/sep,aged
<0,12,existing paid,education,1200,no known savings,1<=X<4,4,none,4,life insurance,23,bank,rent,1,skilled,1,yes,yes,good,female,div/sep,young
no checking,12,existing paid,new car,1101,<100,1<=X<4,3,none,2,real estate,27,none,own,2,skilled,1,yes,yes,good,male,mar/wid,aged
no checking,12,existing paid,used car,4675,no known savings,<1,1,none,4,car,20,none,rent,1,skilled,1,none,yes,good,female,div/sep,young
0<=X<200,36,delayed previously,new car,2225,<100,>=7,4,none,4,no known property,57,bank,for free,2,skilled,1,yes,yes,bad,male,single,aged
<0,30,existing paid,furniture/equipment,6350,no known savings,>=7,4,none,4,life insurance,31,none,own,1,skilled,1,none,yes,bad,male,single,aged
no checking,12,existing paid,used car,1413,>=1000,4<=X<7,3,none,2,life insurance,55,none,own,1,skilled,1,none,no,good,male,single,aged
>=200,10,existing paid,furniture/equipment,1275,<100,<1,4,none,2,life insurance,23,none,own,1,skilled,1,none,yes,good,female,div/sep,young
0<=X<200,24,existing paid,radio/tv,2896,100<=X<500,<1,2,none,1,car,29,none,own,1,skilled,1,none,yes,good,male,single,aged
no checking,21,existing paid,furniture/equipment,2241,<100,>=7,4,none,2,real estate,50,none,own,2,skilled,1,none,yes,good,male,single,aged
<0,18,existing paid,radio/tv,2389,<100,<1,4,none,1,car,27,stores,own,1,skilled,1,none,yes,good,female,div/sep,aged
no checking,36,existing paid,used car,8133,<100,1<=X<4,1,none,2,life insurance,30,bank,own,1,skilled,1,none,yes,good,female,div/sep,aged
>=200,18,existing paid,furniture/equipment,2864,<100,1<=X<4,2,none,1,real estate,34,none,own,1,unskilled resident,2,none,yes,bad,male,single,aged
0<=X<200,12,existing paid,new car,6078,<100,4<=X<7,2,none,2,car,32,none,own,1,skilled,1,none,yes,good,male,single,aged
0<=X<200,6,existing paid,radio/tv,368,no known savings,>=7,4,none,4,life insurance,38,none,own,1,skilled,1,none,yes,good,male,single,aged
<0,12,critical/other existing credit,radio/tv,385,<100,4<=X<7,4,none,3,real estate,58,none,own,4,unskilled resident,1,yes,yes,good,female,div/sep,aged
0<=X<200,10,all paid,radio/tv,1048,<100,1<=X<4,4,none,4,real estate,23,stores,own,1,unskilled resident,1,none,yes,good,male,single,young
<0,24,critical/other existing credit,used car,6419,<100,>=7,2,none,4,no known property,44,none,for free,2,high qualif/self emp/mgmt,2,yes,yes,good,female,div/sep,aged
<0,24,delayed previously,radio/tv,1024,<100,<1,4,none,4,real estate,48,stores,own,1,skilled,1,none,yes,bad,male,mar/wid,aged
<0,24,existing paid,new car,2303,<100,>=7,4,co applicant,1,real estate,45,none,own,1,skilled,1,none,yes,bad,male,single,aged
0<=X<200,9,existing paid,radio/tv,458,<100,1<=X<4,4,none,3,real estate,24,none,own,1,skilled,1,none,yes,good,male,single,young
<0,12,critical/other existing credit,furniture/equipment,2246,<100,>=7,3,none,3,life insurance,60,none,own,2,skilled,1,none,yes,bad,male,single,aged
<0,12,existing paid,radio/tv,727,100<=X<500,<1,4,none,3,no known property,33,none,own,1,unskilled resident,1,yes,yes,bad,male,mar/wid,aged
no checking,18,existing paid,radio/tv,1453,<100,<1,3,none,1,real estate,26,none,own,1,skilled,1,none,yes,good,female,div/sep,aged
no checking,12,existing paid,radio/tv,2171,<100,<1,2,none,2,car,29,bank,own,1,skilled,1,none,yes,good,female,div/sep,aged
no checking,9,existing paid,radio/tv,2697,<100,1<=X<4,1,none,2,real estate,32,none,own,1,skilled,2,none,yes,good,male,single,aged
0<=X<200,12,existing paid,new car,1007,>=1000,1<=X<4,4,none,1,real estate,22,none,own,1,skilled,1,none,yes,good,male,mar/wid,young
no checking,12,critical/other existing credit,education,701,<100,1<=X<4,4,none,2,car,32,none,own,2,skilled,1,none,yes,good,male,single,aged
<0,12,all paid,radio/tv,626,<100,1<=X<4,4,none,4,real estate,24,bank,own,1,unskilled resident,1,none,yes,bad,female,div/sep,young
<0,45,existing paid,radio/tv,1845,<100,1<=X<4,4,none,4,no known property,23,none,for free,1,skilled,1,yes,yes,bad,male,single,young
0<=X<200,60,existing paid,new car,14027,<100,4<=X<7,4,none,2,no known property,27,none,own,1,high qualif/self emp/mgmt,1,yes,yes,bad,male,single,aged
no checking,30,critical/other existing credit,radio/tv,5771,<100,4<=X<7,4,none,2,car,25,none,own,2,skilled,1,none,yes,good,female,div/sep,aged
no checking,24,existing paid,new car,1525,>=1000,4<=X<7,4,none,3,car,34,none,own,1,skilled,2,yes,yes,good,female,div/sep,aged
no checking,22,existing paid,new car,1283,no known savings,4<=X<7,4,none,4,life insurance,25,none,rent,1,skilled,1,none,yes,good,female,div/sep,aged
no checking,6,existing paid,radio/tv,518,<100,1<=X<4,3,none,1,real estate,29,none,own,1,skilled,1,none,yes,good,female,div/sep,aged
<0,48,no credits/all paid,furniture/equipment,7119,<100,1<=X<4,3,none,4,no known property,53,none,for free,2,skilled,2,none,yes,bad,male,single,aged
<0,24,existing paid,furniture/equipment,3021,<100,1<=X<4,2,none,2,real estate,24,none,rent,1,unskilled resident,1,none,yes,good,male,div/sep,young
no checking,48,critical/other existing credit,used car,2751,no known savings,>=7,4,none,3,car,38,none,own,2,skilled,2,yes,yes,good,male,single,aged
no checking,6,existing paid,repairs,660,500<=X<1000,4<=X<7,2,none,4,real estate,23,none,rent,1,unskilled resident,1,none,yes,good,male,mar/wid,young
no checking,24,critical/other existing credit,new car,2463,100<=X<500,4<=X<7,4,none,3,life insurance,27,none,own,2,skilled,1,yes,yes,good,male,mar/wid,aged
<0,18,existing paid,new car,2249,100<=X<500,4<=X<7,4,none,3,car,30,none,own,1,high qualif/self emp/mgmt,2,yes,yes,good,male,single,aged
0<=X<200,48,no credits/all paid,business,14421,<100,1<=X<4,2,none,2,car,25,none,own,1,skilled,1,yes,yes,bad,male,single,aged
<0,18,critical/other existing credit,new car,3966,<100,>=7,1,none,4,real estate,33,bank,rent,3,skilled,1,yes,yes,bad,female,div/sep,aged
no checking,30,critical/other existing credit,radio/tv,3077,no known savings,>=7,3,none,2,car,40,none,own,2,skilled,2,yes,yes,good,male,single,aged
0<=X<200,9,existing paid,furniture/equipment,959,<100,1<=X<4,1,none,2,car,29,none,own,1,skilled,1,none,no,bad,female,div/sep,aged
>=200,9,existing paid,radio/tv,745,<100,1<=X<4,3,none,2,real estate,28,none,own,1,unskilled resident,1,none,yes,bad,female,div/sep,aged
no checking,24,critical/other existing credit,radio/tv,2684,<100,1<=X<4,4,none,2,real estate,35,none,own,2,unskilled resident,1,none,yes,good,male,single,aged
no checking,12,existing paid,education,1393,<100,>=7,4,none,4,life insurance,47,bank,own,3,skilled,2,yes,yes,good,male,single,aged
<0,18,critical/other existing credit,radio/tv,1880,<100,4<=X<7,4,none,1,life insurance,32,none,own,2,high qualif/self emp/mgmt,1,yes,yes,good,male,mar/wid,aged
0<=X<200,9,existing paid,education,1199,<100,4<=X<7,4,none,4,life insurance,67,none,own,2,high qualif/self emp/mgmt,1,yes,yes,good,female,div/sep,aged
0<=X<200,24,existing paid,furniture/equipment,3069,100<=X<500,>=7,4,none,4,no known property,30,none,for free,1,skilled,1,none,yes,good,male,single,aged
no checking,24,existing paid,furniture/equipment,3972,<100,4<=X<7,2,none,4,life insurance,25,none,rent,1,skilled,1,yes,yes,good,female,div/sep,aged
<0,6,existing paid,new car,14896,<100,>=7,1,none,4,no known property,68,bank,own,1,high qualif/self emp/mgmt,1,yes,yes,bad,male,single,aged
<0,36,existing paid,radio/tv,2302,<100,1<=X<4,4,none,4,car,31,none,rent,1,skilled,1,none,yes,bad,male,div/sep,aged
<0,8,critical/other existing credit,new car,731,<100,>=7,4,none,4,real estate,47,none,own,2,unskilled resident,1,none,yes,good,male,single,aged
<0,15,critical/other existing credit,furniture/equipment,1433,<100,1<=X<4,4,none,3,life insurance,25,none,rent,2,skilled,1,none,yes,good,female,div/sep,aged
no checking,6,existing paid,domestic appliance,1338,500<=X<1000,1<=X<4,1,none,4,real estate,62,none,own,1,skilled,1,none,yes,good,male,div/sep,aged
0<=X<200,18,critical/other existing credit,furniture/equipment,1295,<100,<1,4,none,1,life insurance,27,none,own,2,skilled,1,none,yes,good,female,div/sep,aged
<0,6,critical/other existing credit,furniture/equipment,1872,<100,unemployed,4,none,4,no known property,36,none,for free,3,high qualif/self emp/mgmt,1,yes,yes,good,male,single,aged
0<=X<200,18,critical/other existing credit,new car,884,<100,>=7,4,none,4,car,36,bank,own,1,skilled,2,yes,yes,bad,male,single,aged
no checking,24,delayed previously,new car,2538,<100,>=7,4,none,4,car,47,none,own,2,unskilled resident,2,none,yes,bad,male,single,aged
no checking,24,existing paid,radio/tv,3105,no known savings,<1,4,none,2,car,25,none,own,2,skilled,1,none,yes,good,male,single,aged
no checking,48,critical/other existing credit,business,7629,no known savings,>=7,4,none,2,car,46,bank,own,2,high qualif/self emp/mgmt,2,none,yes,good,male,div/sep,aged
<0,12,critical/other existing credit,new car,2171,<100,1<=X<4,4,none,4,life insurance,38,bank,own,2,unskilled resident,1,none,no,good,male,single,aged
0<=X<200,18,existing paid,used car,2779,<100,1<=X<4,1,none,3,car,21,none,rent,1,skilled,1,yes,yes,good,male,mar/wid,young
<0,9,critical/other existing credit,radio/tv,1138,<100,1<=X<4,4,none,4,real estate,25,none,own,2,unskilled resident,1,none,yes,good,male,single,aged
<0,12,existing paid,furniture/equipment,1657,<100,1<=X<4,2,none,2,real estate,27,none,own,1,skilled,1,none,yes,good,male,single,aged
0<=X<200,21,existing paid,business,2767,100<=X<500,>=7,4,none,2,car,61,bank,rent,2,unskilled resident,1,none,yes,bad,male,div/sep,aged
0<=X<200,18,critical/other existing credit,furniture/equipment,1928,<100,<1,2,none,2,real estate,31,none,own,2,unskilled resident,1,none,yes,bad,male,single,aged
0<=X<200,36,existing paid,repairs,2384,<100,<1,4,none,1,no known property,33,none,rent,1,unskilled resident,1,none,yes,bad,male,single,aged
no checking,9,critical/other existing credit,education,1244,no known savings,>=7,4,none,4,life insurance,41,none,rent,2,unskilled resident,1,none,yes,good,female,div/sep,aged
no checking,12,critical/other existing credit,furniture/equipment,3331,<100,>=7,2,none,4,life insurance,42,stores,own,1,skilled,1,none,yes,good,male,single,aged
no checking,24,critical/other existing credit,education,1597,<100,>=7,4,none,4,no known property,54,none,for free,2,skilled,2,none,yes,good,male,single,aged
no checking,24,delayed previously,business,3863,<100,1<=X<4,1,none,2,no known property,32,none,for free,1,skilled,1,none,yes,good,male,single,aged
<0,12,existing paid,radio/tv,709,<100,>=7,4,none,4,real estate,57,stores,own,1,unskilled resident,1,none,yes,bad,male,single,aged
0<=X<200,15,existing paid,radio/tv,802,<100,>=7,4,none,3,car,37,none,own,1,skilled,2,none,yes,bad,male,single,aged
no checking,12,existing paid,furniture/equipment,1736,<100,4<=X<7,3,none,4,real estate,31,none,own,1,unskilled resident,1,none,yes,good,female,div/sep,aged
<0,6,existing paid,new car,662,<100,<1,3,none,4,real estate,41,none,own,1,unskilled resident,2,yes,yes,good,male,single,aged
no checking,6,all paid,new car,783,no known savings,1<=X<4,1,guarantor,2,real estate,26,stores,own,1,unskilled resident,2,none,yes,good,male,single,aged
<0,21,existing paid,radio/tv,1835,<100,1<=X<4,3,none,2,real estate,25,none,own,2,skilled,1,yes,yes,bad,female,div/sep,aged
0<=X<200,6,critical/other existing credit,retraining,932,no known savings,4<=X<7,1,none,3,life insurance,39,none,own,2,unskilled resident,1,none,yes,good,female,div/sep,aged
<0,6,existing paid,furniture/equipment,1374,<100,1<=X<4,1,none,2,real estate,36,bank,own,1,unskilled resident,1,yes,yes,good,male,single,aged
<0,8,critical/other existing credit,other,1164,<100,>=7,3,none,4,no known property,51,bank,for free,2,high qualif/self emp/mgmt,2,yes,yes,good,male,single,aged
<0,48,critical/other existing credit,used car,6143,<100,>=7,4,none,4,no known property,58,stores,for free,2,unskilled resident,1,none,yes,bad,female,div/sep,aged
no checking,6,no credits/all paid,new car,1204,100<=X<500,1<=X<4,4,none,1,no known property,35,bank,rent,1,skilled,1,none,no,good,male,single,aged
0<=X<200,6,all paid,education,433,>=1000,<1,4,none,2,life insurance,24,bank,rent,1,skilled,2,none,yes,bad,female,div/sep,young
no checking,12,existing paid,furniture/equipment,1574,<100,1<=X<4,4,none,2,real estate,50,none,own,1,skilled,1,none,yes,good,male,single,aged
0<=X<200,36,critical/other existing credit,used car,5800,<100,1<=X<4,3,none,4,car,34,none,own,2,skilled,1,yes,yes,good,male,single,aged
<0,24,all paid,business,3161,<100,1<=X<4,4,none,2,life insurance,31,none,rent,1,skilled,1,yes,yes,bad,male,single,aged
0<=X<200,8,existing paid,business,907,<100,<1,3,none,2,real estate,26,none,own,1,skilled,1,yes,yes,good,male,mar/wid,aged
no checking,12,all paid,retraining,3447,500<=X<1000,1<=X<4,4,none,3,real estate,35,none,own,1,unskilled resident,2,none,yes,good,female,div/sep,aged
<0,36,existing paid,furniture/equipment,2712,<100,>=7,2,none,2,life insurance,41,bank,own,1,skilled,2,none,yes,bad,male,single,aged
<0,24,existing paid,radio/tv,1938,<100,<1,4,none,3,life insurance,32,none,own,1,skilled,1,none,yes,bad,male,div/sep,aged
no checking,24,critical/other existing credit,radio/tv,1851,<100,4<=X<7,4,guarantor,2,car,33,none,own,2,skilled,1,yes,yes,good,male,mar/wid,aged
0<=X<200,24,existing paid,new car,3512,100<=X<500,4<=X<7,2,none,3,car,38,bank,own,2,skilled,1,yes,yes,good,male,single,aged
0<=X<200,18,delayed previously,business,2427,no known savings,>=7,4,none,2,life insurance,42,none,own,2,skilled,1,none,yes,good,male,single,aged
<0,18,critical/other existing credit,repairs,1190,<100,unemployed,2,none,4,no known property,55,none,for free,3,unemp/unskilled non res,2,none,yes,bad,female,div/sep,aged
no checking,10,existing paid,new car,1546,<100,1<=X<4,3,none,2,real estate,31,none,own,1,unskilled resident,2,none,no,good,male,single,aged
0<=X<200,12,existing paid,furniture/equipment,3017,<100,<1,3,none,1,real estate,34,none,rent,1,high qualif/self emp/mgmt,1,none,yes,good,female,div/sep,aged
0<=X<200,9,existing paid,new car,276,<100,1<=X<4,4,none,4,real estate,22,none,rent,1,unskilled resident,1,none,yes,good,male,mar/wid,young
no checking,12,critical/other existing credit,new car,926,<100,unemployed,1,none,2,life insurance,38,none,own,1,unemp/unskilled non res,1,none,yes,good,female,div/sep,aged
0<=X<200,9,existing paid,business,1391,<100,1<=X<4,2,none,1,real estate,27,bank,own,1,skilled,1,yes,yes,good,male,mar/wid,aged
0<=X<200,24,existing paid,furniture/equipment,4057,<100,4<=X<7,3,none,3,car,43,none,own,1,skilled,1,yes,yes,bad,male,div/sep,aged
0<=X<200,6,all paid,new car,931,100<=X<500,<1,1,none,1,life insurance,32,stores,own,1,unskilled resident,1,none,yes,bad,female,div/sep,aged
no checking,10,existing paid,used car,2901,no known savings,<1,1,none,4,real estate,31,none,rent,1,skilled,1,none,yes,good,female,div/sep,aged
<0,12,existing paid,education,684,<100,1<=X<4,4,none,4,car,40,none,rent,1,unskilled resident,2,none,yes,bad,male,single,aged
<0,48,existing paid,education,7476,<100,4<=X<7,4,none,1,no known property,50,none,for free,1,high qualif/self emp/mgmt,1,yes,yes,good,male,single,aged
no checking,15,existing paid,furniture/equipment,2221,500<=X<1000,1<=X<4,2,none,4,car,20,none,rent,1,skilled,1,none,yes,good,female,div/sep,young
<0,12,critical/other existing credit,new car,4843,<100,>=7,3,co applicant,4,life insurance,43,none,rent,2,skilled,1,yes,yes,bad,male,single,aged
no checking,18,existing paid,furniture/equipment,2515,<100,1<=X<4,3,none,4,real estate,43,none,own,1,skilled,1,yes,yes,good,male,single,aged
<0,12,existing paid,new car,3651,>=1000,1<=X<4,1,none,3,life insurance,31,none,own,1,skilled,2,none,yes,good,male,single,aged
>=200,4,existing paid,new car,1494,no known savings,<1,1,none,2,real estate,29,none,own,1,unskilled resident,2,none,no,good,male,single,aged
0<=X<200,48,existing paid,other,5381,no known savings,unemployed,3,none,4,no known property,40,bank,for free,1,unemp/unskilled non res,1,yes,yes,good,male,single,aged
>=200,12,existing paid,radio/tv,3399,no known savings,>=7,2,none,3,car,37,none,own,1,high qualif/self emp/mgmt,1,none,yes,good,male,single,aged
<0,15,critical/other existing credit,furniture/equipment,1478,<100,>=7,4,none,4,car,44,none,own,2,skilled,2,yes,yes,good,male,single,aged
0<=X<200,6,delayed previously,business,1449,100<=X<500,>=7,1,none,2,car,31,bank,own,2,skilled,2,none,yes,good,male,div/sep,aged
0<=X<200,24,critical/other existing credit,radio/tv,1743,<100,>=7,4,none,2,life insurance,48,none,own,2,unskilled resident,1,none,yes,good,male,single,aged
no checking,12,existing paid,radio/tv,3077,<100,1<=X<4,2,none,4,car,52,none,own,1,skilled,1,yes,yes,good,male,single,aged
no checking,6,existing paid,furniture/equipment,1766,<100,1<=X<4,1,none,2,life insurance,21,none,rent,1,skilled,1,none,yes,good,male,mar/wid,young
0<=X<200,9,existing paid,furniture/equipment,2030,no known savings,4<=X<7,2,none,1,car,24,none,own,1,skilled,1,yes,yes,good,male,single,young
no checking,11,critical/other existing credit,radio/tv,1154,100<=X<500,unemployed,4,none,4,real estate,57,none,own,3,unskilled resident,1,none,yes,good,female,div/sep,aged
<0,20,critical/other existing credit,furniture/equipment,4272,<100,>=7,1,none,4,life insurance,24,none,own,2,skilled,1,none,yes,good,female,div/sep,young
0<=X<200,72,existing paid,radio/tv,5595,100<=X<500,1<=X<4,2,none,2,car,24,none,own,1,skilled,1,none,yes,bad,male,mar/wid,young
<0,12,critical/other existing credit,new car,2122,<100,1<=X<4,3,none,2,real estate,39,none,rent,2,unskilled resident,2,none,no,good,male,single,aged
no checking,24,critical/other existing credit,business,4139,100<=X<500,1<=X<4,3,none,3,life insurance,27,none,own,2,unskilled resident,1,yes,yes,good,male,single,aged
no checking,7,delayed previously,radio/tv,846,no known savings,>=7,3,none,4,no known property,36,none,for free,1,skilled,1,none,yes,good,male,single,aged
no checking,15,critical/other existing credit,education,1532,100<=X<500,1<=X<4,4,none,3,car,31,none,own,1,skilled,1,none,yes,good,female,div/sep,aged
0<=X<200,21,existing paid,furniture/equipment,3976,no known savings,4<=X<7,2,none,3,car,35,none,own,1,skilled,1,yes,yes,good,male,single,aged
0<=X<200,12,existing paid,radio/tv,766,500<=X<1000,1<=X<4,4,none,3,real estate,66,none,own,1,unskilled resident,1,none,yes,bad,male,single,aged
0<=X<200,24,existing paid,new car,1246,<100,<1,4,none,2,real estate,23,stores,own,1,unskilled resident,1,none,yes,bad,male,single,young
no checking,12,existing paid,business,1542,<100,4<=X<7,2,none,4,car,36,none,own,1,skilled,1,yes,yes,good,male,single,aged
no checking,24,existing paid,furniture/equipment,929,no known savings,4<=X<7,4,none,2,car,31,stores,own,1,skilled,1,yes,yes,good,male,single,aged
no checking,15,existing paid,used car,3029,<100,4<=X<7,2,none,2,car,33,none,own,1,skilled,1,none,yes,good,male,single,aged
no checking,18,existing paid,furniture/equipment,1533,<100,<1,4,co applicant,1,life insurance,43,none,own,1,unskilled resident,2,none,yes,bad,male,mar/wid,aged
0<=X<200,48,delayed previously,business,6681,no known savings,1<=X<4,4,none,4,no known property,38,none,for free,1,skilled,2,yes,yes,good,male,single,aged
0<=X<200,12,existing paid,new car,888,<100,>=7,4,none,4,car,41,bank,own,1,unskilled resident,2,none,yes,bad,male,single,aged
0<=X<200,18,delayed previously,furniture/equipment,4297,<100,>=7,4,none,3,no known property,40,none,own,1,high qualif/self emp/mgmt,1,yes,yes,bad,male,div/sep,aged
>=200,30,delayed previously,business,1908,<100,>=7,4,none,4,real estate,66,none,own,1,high qualif/self emp/mgmt,1,yes,yes,bad,male,single,aged
no checking,24,existing paid,radio/tv,3235,500<=X<1000,>=7,3,none,2,car,26,none,own,1,high qualif/self emp/mgmt,1,yes,yes,good,male,div/sep,aged
0<=X<200,60,existing paid,new car,7408,100<=X<500,<1,4,none,2,life insurance,24,none,own,1,high qualif/self emp/mgmt,1,none,yes,bad,female,div/sep,young
<0,24,existing paid,business,6568,<100,1<=X<4,2,none,2,car,21,stores,own,1,unskilled resident,1,none,yes,good,male,mar/wid,young
<0,24,all paid,used car,3632,<100,1<=X<4,1,guarantor,4,car,22,bank,rent,1,skilled,1,none,no,good,female,div/sep,young
no checking,54,no credits/all paid,used car,9436,no known savings,1<=X<4,2,none,2,life insurance,39,none,own,1,unskilled resident,2,none,yes,good,male,single,aged
<0,60,delayed previously,business,6836,<100,>=7,3,none,4,no known property,63,none,own,2,skilled,1,yes,yes,bad,male,single,aged
>=200,21,critical/other existing credit,education,2319,<100,<1,2,none,1,car,33,none,rent,1,skilled,1,none,yes,bad,male,div/sep,aged
no checking,6,existing paid,used car,1236,500<=X<1000,1<=X<4,2,none,4,life insurance,50,none,rent,1,skilled,1,none,yes,good,male,single,aged
no checking,21,no credits/all paid,new car,5003,no known savings,1<=X<4,1,none,4,life insurance,29,bank,own,2,skilled,1,yes,yes,bad,female,div/sep,aged
no checking,12,existing paid,radio/tv,886,no known savings,1<=X<4,4,none,2,car,21,none,own,1,skilled,1,none,yes,good,female,div/sep,young
<0,24,existing paid,new car,1442,<100,4<=X<7,4,none,4,car,23,none,rent,2,skilled,1,none,yes,bad,female,div/sep,young
no checking,6,existing paid,furniture/equipment,2978,500<=X<1000,1<=X<4,1,none,2,car,32,none,own,1,skilled,1,yes,yes,good,male,single,aged
<0,24,existing paid,furniture/equipment,2359,100<=X<500,unemployed,1,none,1,life insurance,33,none,own,1,skilled,1,none,yes,bad,male,div/sep,aged
<0,24,existing paid,furniture/equipment,2996,no known savings,1<=X<4,2,none,4,car,20,none,own,1,skilled,1,none,yes,bad,male,mar/wid,young
no checking,18,critical/other existing credit,furniture/equipment,3780,<100,<1,3,none,2,car,35,none,own,2,high qualif/self emp/mgmt,1,yes,yes,good,male,div/sep,aged
no checking,27,existing paid,repairs,5190,no known savings,>=7,4,none,4,life insurance,48,none,own,4,skilled,2,yes,yes,good,male,single,aged
0<=X<200,36,existing paid,radio/tv,4795,<100,<1,4,none,1,no known property,30,none,own,1,high qualif/self emp/mgmt,1,yes,yes,good,female,div/sep,aged
<0,12,all paid,new car,697,<100,<1,4,none,2,car,46,bank,own,2,skilled,1,yes,yes,bad,male,single,aged
no checking,18,no credits/all paid,business,4165,<100,1<=X<4,2,none,2,car,36,stores,own,2,skilled,2,none,yes,bad,male,single,aged
<0,14,existing paid,new car,3973,<100,unemployed,1,none,4,no known property,22,none,for free,1,skilled,1,none,yes,good,male,single,young
no checking,18,critical/other existing credit,education,1864,100<=X<500,1<=X<4,4,none,2,real estate,30,none,own,2,skilled,1,none,yes,bad,female,div/sep,aged
>=200,6,critical/other existing credit,education,1047,<100,1<=X<4,2,none,4,life insurance,50,none,own,1,unskilled resident,1,none,yes,good,female,div/sep,aged
no checking,18,existing paid,radio/tv,433,<100,unemployed,3,co applicant,4,real estate,22,none,rent,1,skilled,1,none,yes,bad,female,div/sep,young
0<=X<200,36,existing paid,education,3711,no known savings,1<=X<4,2,none,2,car,27,none,own,1,skilled,1,none,yes,good,male,mar/wid,aged
0<=X<200,9,existing paid,radio/tv,1206,<100,>=7,4,none,4,real estate,25,none,own,1,skilled,1,none,yes,good,female,div/sep,aged
no checking,6,existing paid,furniture/equipment,1543,>=1000,1<=X<4,4,none,2,real estate,33,none,own,1,skilled,1,none,yes,good,male,div/sep,aged
no checking,4,critical/other existing credit,new car,3380,<100,4<=X<7,1,none,1,real estate,37,none,own,1,skilled,2,none,yes,good,female,div/sep,aged
>=200,24,existing paid,radio/tv,1258,500<=X<1000,1<=X<4,3,none,3,car,57,none,own,1,unskilled resident,1,none,yes,good,female,div/sep,aged
no checking,12,existing paid,radio/tv,2073,100<=X<500,1<=X<4,4,co applicant,2,real estate,28,none,own,1,skilled,1,none,yes,good,female,div/sep,aged
<0,21,existing paid,radio/tv,2606,<100,<1,4,none,4,life insurance,28,none,rent,1,high qualif/self emp/mgmt,1,yes,yes,good,female,div/sep,aged
no checking,12,critical/other existing credit,education,2096,<100,4<=X<7,2,none,3,real estate,49,none,own,1,unskilled resident,2,none,yes,good,male,single,aged
no checking,12,critical/other existing credit,new car,1255,<100,>=7,4,none,4,real estate,61,none,own,2,unskilled resident,1,none,yes,good,male,single,aged
no checking,9,existing paid,domestic appliance,1236,<100,<1,1,none,4,real estate,23,none,rent,1,skilled,1,yes,yes,good,female,div/sep,young
no checking,24,existing paid,radio/tv,1278,<100,>=7,4,none,1,real estate,36,none,own,1,high qualif/self emp/mgmt,1,yes,yes,good,male,single,aged
<0,6,existing paid,new car,1374,no known savings,unemployed,4,none,3,life insurance,75,none,own,1,high qualif/self emp/mgmt,1,yes,yes,good,female,div/sep,aged
>=200,10,existing paid,new car,3949,<100,<1,1,guarantor,1,life insurance,37,none,own,1,unskilled resident,2,none,yes,good,male,single,aged
no checking,12,existing paid,new car,2390,no known savings,>=7,4,none,3,car,50,none,own,1,skilled,1,yes,yes,good,male,single,aged
0<=X<200,24,existing paid,new car,1201,<100,<1,4,none,1,life insurance,26,none,own,1,skilled,1,none,yes,good,male,single,aged
no checking,15,critical/other existing credit,furniture/equipment,2788,<100,4<=X<7,2,co applicant,3,car,24,bank,own,2,skilled,1,none,yes,good,female,div/sep,young
no checking,12,critical/other existing credit,business,1264,no known savings,>=7,4,none,4,no known property,57,none,rent,1,unskilled resident,1,none,yes,good,male,single,aged
<0,24,existing paid,furniture/equipment,4020,<100,1<=X<4,2,none,2,car,27,stores,own,1,skilled,1,none,yes,good,male,single,aged
no checking,9,existing paid,new car,2507,500<=X<1000,>=7,2,none,4,no known property,51,none,for free,1,unskilled resident,1,none,yes,good,male,single,aged
no checking,24,existing paid,radio/tv,2397,500<=X<1000,>=7,3,none,2,car,35,bank,own,2,skilled,1,yes,yes,bad,male,single,aged
0<=X<200,27,existing paid,business,3915,<100,1<=X<4,4,none,2,car,36,none,own,1,skilled,2,yes,yes,bad,male,single,aged
no checking,48,critical/other existing credit,used car,11590,100<=X<500,1<=X<4,2,none,4,car,24,bank,rent,2,unskilled resident,1,none,yes,bad,female,div/sep,young
<0,42,existing paid,furniture/equipment,7882,<100,4<=X<7,2,guarantor,4,life insurance,45,none,for free,1,skilled,2,none,yes,good,male,single,aged
no checking,12,critical/other existing credit,new car,1495,<100,>=7,4,none,1,real estate,38,none,own,2,unskilled resident,2,none,yes,good,male,single,aged
no checking,24,existing paid,new car,2255,no known savings,<1,4,none,1,life insurance,54,none,own,1,skilled,1,none,yes,good,male,single,aged
0<=X<200,9,existing paid,new car,1549,no known savings,<1,4,none,2,real estate,35,none,own,1,unemp/unskilled non res,1,none,yes,good,male,single,aged
no checking,30,existing paid,used car,4811,no known savings,4<=X<7,2,none,4,life insurance,24,stores,rent,1,unskilled resident,1,none,yes,good,female,div/sep,young
0<=X<200,14,existing paid,business,1410,500<=X<1000,>=7,1,none,2,real estate,35,none,own,1,skilled,1,yes,yes,good,male,mar/wid,aged
no checking,5,existing paid,business,3448,<100,4<=X<7,1,none,4,real estate,74,none,own,1,unskilled resident,1,none,yes,good,male,single,aged
0<=X<200,11,delayed previously,radio/tv,4771,<100,4<=X<7,2,none,4,life insurance,51,none,own,1,skilled,1,none,yes,good,male,single,aged
<0,10,existing paid,radio/tv,2315,<100,>=7,3,none,4,real estate,52,none,own,1,unskilled resident,1,none,yes,good,male,single,aged
<0,48,existing paid,used car,4788,<100,4<=X<7,4,none,3,life insurance,26,none,own,1,skilled,2,none,yes,good,male,single,aged
no checking,18,existing paid,business,1568,100<=X<500,1<=X<4,3,none,4,life insurance,24,none,rent,1,unskilled resident,1,none,yes,good,female,div/sep,young
no checking,15,all paid,radio/tv,1569,100<=X<500,>=7,4,none,4,car,34,bank,own,1,unskilled resident,2,none,yes,good,male,single,aged
<0,40,critical/other existing credit,education,5998,<100,1<=X<4,4,none,3,no known property,27,bank,own,1,skilled,1,yes,yes,bad,male,single,aged
no checking,18,critical/other existing credit,radio/tv,1169,no known savings,1<=X<4,4,none,3,life insurance,29,none,own,2,skilled,1,yes,yes,good,male,single,aged
0<=X<200,12,existing paid,new car,1223,<100,>=7,1,none,1,real estate,46,none,rent,2,skilled,1,none,yes,bad,male,div/sep,aged
<0,18,existing paid,furniture/equipment,2659,>=1000,1<=X<4,4,none,2,car,28,none,own,1,skilled,1,none,yes,good,male,single,aged
no checking,6,critical/other existing credit,radio/tv,700,no known savings,>=7,4,none,4,no known property,36,none,for free,2,skilled,1,none,yes,good,male,single,aged
no checking,10,existing paid,used car,2848,100<=X<500,1<=X<4,1,co applicant,2,real estate,32,none,own,1,skilled,2,none,yes,good,male,single,aged
<0,9,existing paid,radio/tv,1366,<100,<1,3,none,4,life insurance,22,none,rent,1,skilled,1,none,yes,bad,female,div/sep,young
no checking,36,existing paid,education,9055,no known savings,1<=X<4,2,none,4,no known property,35,none,for free,1,unskilled resident,2,yes,yes,good,male,single,aged
<0,24,existing paid,radio/tv,1987,<100,1<=X<4,2,none,4,real estate,21,none,rent,1,unskilled resident,2,none,yes,bad,male,single,young
<0,24,existing paid,used car,2924,<100,1<=X<4,3,guarantor,4,no known property,63,bank,own,1,skilled,2,yes,yes,good,male,single,aged
0<=X<200,18,existing paid,business,2622,100<=X<500,1<=X<4,4,none,4,car,34,none,own,1,skilled,1,none,yes,good,male,single,aged
no checking,36,critical/other existing credit,business,6304,no known savings,>=7,4,none,4,real estate,36,none,own,2,skilled,1,none,yes,good,male,single,aged
no checking,36,delayed previously,radio/tv,4463,<100,1<=X<4,4,none,2,car,26,none,own,2,high qualif/self emp/mgmt,1,yes,yes,bad,male,single,aged
no checking,36,existing paid,business,7409,no known savings,>=7,3,none,2,life insurance,37,none,own,2,skilled,1,none,yes,good,male,single,aged
no checking,24,delayed previously,new car,717,no known savings,>=7,4,none,4,car,54,none,own,2,skilled,1,yes,yes,good,male,mar/wid,aged
<0,20,existing paid,furniture/equipment,2212,no known savings,4<=X<7,4,none,4,car,39,none,own,1,skilled,1,yes,yes,good,male,single,aged
<0,18,all paid,furniture/equipment,1553,<100,1<=X<4,4,none,3,car,44,bank,own,1,skilled,1,none,yes,bad,male,single,aged
0<=X<200,18,existing paid,used car,12976,<100,unemployed,3,none,4,no known property,38,none,for free,1,high qualif/self emp/mgmt,1,yes,yes,bad,female,div/sep,aged
no checking,12,critical/other existing credit,radio/tv,1934,<100,>=7,2,none,2,no known property,26,none,own,2,skilled,1,none,yes,good,male,single,aged
<0,33,critical/other existing credit,furniture/equipment,4281,500<=X<1000,1<=X<4,1,none,4,car,23,none,own,2,skilled,1,none,yes,bad,female,div/sep,young
<0,16,critical/other existing credit,new car,2625,<100,>=7,2,guarantor,4,life insurance,43,bank,rent,1,skilled,1,yes,yes,bad,male,single,aged
<0,6,critical/other existing credit,new car,666,>=1000,4<=X<7,3,none,4,real estate,39,none,own,2,unskilled resident,1,yes,yes,good,female,div/sep,aged
no checking,24,existing paid,used car,3488,100<=X<500,4<=X<7,3,none,4,car,23,none,own,1,skilled,1,none,yes,good,female,div/sep,young
0<=X<200,30,critical/other existing credit,new car,5234,<100,unemployed,4,none,2,car,28,none,own,2,high qualif/self emp/mgmt,1,none,yes,bad,male,mar/wid,aged
no checking,6,critical/other existing credit,radio/tv,1382,<100,1<=X<4,1,none,1,car,28,none,own,2,skilled,1,yes,yes,good,female,div/sep,aged
no checking,36,existing paid,furniture/equipment,3349,<100,1<=X<4,4,none,2,car,28,none,own,1,high qualif/self emp/mgmt,1,yes,yes,bad,female,div/sep,aged
no checking,15,existing paid,radio/tv,1213,500<=X<1000,>=7,4,none,3,life insurance,47,stores,own,1,skilled,1,yes,yes,good,male,single,aged
0<=X<200,12,existing paid,new car,836,100<=X<500,<1,4,none,2,life insurance,23,bank,own,1,unskilled resident,1,none,yes,bad,female,div/sep,young
<0,12,existing paid,furniture/equipment,1289,<100,1<=X<4,4,guarantor,1,life insurance,21,none,own,1,unskilled resident,1,none,yes,good,male,single,young
no checking,12,critical/other existing credit,furniture/equipment,1258,<100,<1,2,none,4,life insurance,22,none,rent,2,unskilled resident,1,none,yes,good,female,div/sep,young
<0,30,existing paid,radio/tv,2522,<100,>=7,1,guarantor,3,life insurance,39,none,own,1,skilled,2,none,yes,good,male,single,aged
no checking,12,existing paid,business,1076,<100,1<=X<4,2,none,2,real estate,26,none,own,1,skilled,1,yes,no,good,male,mar/wid,aged
no checking,36,existing paid,radio/tv,3835,no known savings,>=7,2,none,4,real estate,45,none,own,1,unskilled resident,1,yes,yes,good,female,div/sep,aged
no checking,18,existing paid,radio/tv,1505,<100,1<=X<4,4,none,2,no known property,32,none,for free,1,high qualif/self emp/mgmt,1,yes,yes,good,male,single,aged
<0,30,existing paid,furniture/equipment,2406,<100,4<=X<7,4,none,4,real estate,23,none,rent,1,skilled,1,none,yes,bad,female,div/sep,young
0<=X<200,15,delayed previously,repairs,1512,>=1000,1<=X<4,3,none,3,life insurance,61,stores,own,2,skilled,1,none,yes,bad,male,mar/wid,aged
<0,12,existing paid,furniture/equipment,7865,<100,>=7,4,none,4,no known property,53,none,for free,1,high qualif/self emp/mgmt,1,yes,yes,bad,male,single,aged
0<=X<200,18,critical/other existing credit,business,3590,<100,unemployed,3,none,3,car,40,none,own,3,unemp/unskilled non res,2,yes,yes,good,male,mar/wid,aged
<0,24,all paid,furniture/equipment,3349,500<=X<1000,<1,4,none,4,no known property,30,none,for free,1,skilled,2,yes,yes,bad,male,single,aged
<0,18,existing paid,used car,7511,no known savings,>=7,1,none,4,life insurance,51,none,for free,1,skilled,2,yes,yes,bad,male,single,aged
<0,36,existing paid,used car,5493,<100,>=7,2,none,4,no known property,42,none,for free,1,skilled,2,none,yes,good,male,single,aged
no checking,18,existing paid,business,1950,<100,4<=X<7,4,none,1,car,34,stores,own,2,skilled,1,yes,yes,good,male,single,aged
>=200,12,delayed previously,new car,2247,<100,1<=X<4,2,none,2,car,36,stores,own,2,skilled,1,yes,yes,good,female,div/sep,aged
no checking,33,delayed previously,business,2764,<100,1<=X<4,2,none,2,car,26,none,own,2,skilled,1,yes,yes,good,female,div/sep,aged
0<=X<200,30,delayed previously,radio/tv,1919,100<=X<500,<1,4,none,3,no known property,30,stores,own,2,high qualif/self emp/mgmt,1,none,yes,bad,male,single,aged
no checking,9,existing paid,furniture/equipment,1313,<100,>=7,1,none,4,car,20,none,own,1,skilled,1,none,yes,good,male,single,young
0<=X<200,36,existing paid,used car,6948,<100,1<=X<4,2,none,2,car,35,none,rent,1,high qualif/self emp/mgmt,1,yes,yes,good,male,single,aged
<0,12,existing paid,furniture/equipment,1282,<100,1<=X<4,2,none,4,car,20,none,rent,1,skilled,1,none,yes,bad,female,div/sep,young
no checking,24,delayed previously,new car,2032,<100,>=7,4,none,4,no known property,60,none,for free,2,skilled,1,yes,yes,good,male,single,aged
no checking,12,existing paid,new car,1884,<100,>=7,4,none,4,car,39,none,own,1,high qualif/self emp/mgmt,1,yes,yes,good,male,single,aged
<0,30,existing paid,furniture/equipment,3622,>=1000,>=7,4,none,4,life insurance,57,none,rent,2,skilled,1,yes,yes,good,female,div/sep,aged
0<=X<200,12,critical/other existing credit,new car,958,<100,4<=X<7,2,none,3,real estate,47,none,own,2,unskilled resident,2,none,yes,good,male,single,aged
no checking,36,critical/other existing credit,used car,5711,>=1000,>=7,4,none,2,car,38,none,own,2,high qualif/self emp/mgmt,1,yes,yes,good,male,single,aged
no checking,24,existing paid,radio/tv,3621,100<=X<500,>=7,2,none,4,car,31,none,own,2,skilled,1,none,yes,bad,male,single,aged
<0,24,no credits/all paid,furniture/equipment,4110,<100,>=7,3,none,4,no known property,23,bank,rent,2,skilled,2,none,yes,bad,male,single,young
0<=X<200,12,existing paid,radio/tv,2930,<100,4<=X<7,2,none,1,real estate,27,none,own,1,skilled,1,none,yes,good,female,div/sep,aged
<0,12,existing paid,radio/tv,1498,<100,1<=X<4,4,none,1,car,23,bank,own,1,skilled,1,none,yes,good,female,div/sep,young
no checking,24,critical/other existing credit,radio/tv,2578,>=1000,>=7,2,none,2,car,34,none,own,1,skilled,1,none,yes,good,male,single,aged
<0,24,all paid,other,1358,no known savings,>=7,4,none,3,car,40,stores,own,1,high qualif/self emp/mgmt,1,yes,yes,bad,male,single,aged
0<=X<200,36,existing paid,education,2273,<100,4<=X<7,3,none,1,car,32,none,own,2,skilled,2,none,yes,good,male,single,aged
0<=X<200,12,critical/other existing credit,new car,3124,<100,<1,1,none,3,real estate,49,bank,own,2,unskilled resident,2,none,yes,good,male,single,aged
0<=X<200,12,no credits/all paid,furniture/equipment,2969,<100,<1,4,none,3,life insurance,25,none,rent,2,skilled,1,none,yes,bad,female,div/sep,aged
>=200,12,existing paid,furniture/equipment,1424,no known savings,>=7,3,none,4,real estate,55,none,own,1,high qualif/self emp/mgmt,1,yes,yes,good,female,div/sep,aged
no checking,24,existing paid,used car,2670,<100,>=7,4,none,4,car,35,none,own,1,high qualif/self emp/mgmt,1,yes,yes,good,male,single,aged
no checking,9,existing paid,radio/tv,1478,<100,4<=X<7,4,none,2,car,22,none,own,1,skilled,1,none,yes,bad,male,single,young
no checking,18,critical/other existing credit,used car,3229,no known savings,unemployed,2,none,4,no known property,38,none,own,1,high qualif/self emp/mgmt,1,yes,yes,good,male,single,aged
0<=X<200,48,all paid,business,6416,<100,>=7,4,none,3,no known property,59,none,rent,1,skilled,1,none,yes,bad,female,div/sep,aged
<0,27,no credits/all paid,business,5293,<100,unemployed,2,none,4,life insurance,50,stores,own,2,skilled,1,yes,yes,bad,male,single,aged
0<=X<200,30,existing paid,furniture/equipment,3832,<100,<1,2,none,1,life insurance,22,none,own,1,skilled,1,none,yes,good,male,mar/wid,young
<0,36,critical/other existing credit,furniture/equipment,5371,<100,1<=X<4,3,guarantor,2,life insurance,28,none,own,2,skilled,1,none,yes,good,male,single,aged
>=200,24,critical/other existing credit,new car,1344,no known savings,4<=X<7,4,none,2,real estate,37,bank,own,2,unskilled resident,2,none,yes,bad,male,single,aged
no checking,42,critical/other existing credit,furniture/equipment,4042,500<=X<1000,1<=X<4,4,none,4,real estate,36,none,own,2,skilled,1,yes,yes,good,male,single,aged
<0,18,existing paid,radio/tv,3509,<100,4<=X<7,4,guarantor,1,real estate,25,none,own,1,skilled,1,none,yes,good,female,div/sep,aged
>=200,15,critical/other existing credit,used car,2360,500<=X<1000,1<=X<4,2,none,2,car,36,none,own,1,skilled,1,yes,yes,good,male,single,aged
0<=X<200,18,existing paid,radio/tv,3213,500<=X<1000,<1,1,none,3,real estate,25,none,rent,1,skilled,1,none,yes,good,male,mar/wid,aged
0<=X<200,6,delayed previously,new car,1209,<100,unemployed,4,none,4,life insurance,47,none,own,1,high qualif/self emp/mgmt,1,yes,yes,bad,male,single,aged
<0,6,all paid,education,1198,<100,>=7,4,none,4,no known property,35,none,for free,1,skilled,1,none,yes,bad,female,div/sep,aged
no checking,18,existing paid,furniture/equipment,1984,<100,1<=X<4,4,none,4,no known property,47,bank,for free,2,skilled,1,none,yes,good,male,single,aged
0<=X<200,30,delayed previously,business,2503,100<=X<500,>=7,4,none,2,life insurance,41,stores,own,2,skilled,1,none,yes,good,male,single,aged
no checking,24,existing paid,furniture/equipment,5511,100<=X<500,1<=X<4,4,none,1,car,25,stores,own,1,skilled,1,none,yes,good,male,single,aged
<0,12,existing paid,new car,1228,<100,1<=X<4,4,none,2,real estate,24,none,own,1,unskilled resident,1,none,yes,bad,female,div/sep,young
no checking,9,existing paid,education,3832,no known savings,>=7,1,none,4,real estate,64,none,own,1,unskilled resident,1,none,yes,good,male,single,aged
<0,6,critical/other existing credit,radio/tv,1169,no known savings,>=7,4,none,4,real estate,67,none,own,2,skilled,1,yes,yes,good,male,single,aged
<0,12,existing paid,furniture/equipment,708,<100,1<=X<4,2,guarantor,3,life insurance,38,none,own,1,unskilled resident,2,none,yes,good,male,single,aged
0<=X<200,48,existing paid,new car,6560,100<=X<500,4<=X<7,3,none,2,life insurance,24,none,own,1,skilled,1,none,yes,bad,male,single,young
no checking,24,existing paid,radio/tv,1552,<100,4<=X<7,3,none,1,car,32,bank,own,1,skilled,2,none,yes,good,male,single,aged
<0,24,critical/other existing credit,business,1382,100<=X<500,4<=X<7,4,none,1,real estate,26,none,own,2,skilled,1,yes,yes,good,male,single,aged
no checking,12,delayed previously,used car,1503,<100,1<=X<4,4,none,4,real estate,41,none,rent,1,skilled,1,none,yes,good,male,mar/wid,aged
>=200,24,existing paid,radio/tv,5152,<100,4<=X<7,4,none,2,car,25,bank,own,1,skilled,1,none,yes,good,male,single,aged
0<=X<200,18,delayed previously,new car,2899,no known savings,>=7,4,none,4,car,43,none,own,1,skilled,2,none,yes,good,male,single,aged
0<=X<200,24,delayed previously,furniture/equipment,2064,<100,unemployed,3,none,2,life insurance,34,none,own,1,high qualif/self emp/mgmt,1,yes,yes,bad,female,div/sep,aged
<0,12,critical/other existing credit,new car,2121,<100,1<=X<4,4,none,2,life insurance,30,none,own,2,skilled,1,none,yes,good,male,single,aged
no checking,9,critical/other existing credit,furniture/equipment,2406,<100,unemployed,2,none,3,car,31,none,own,1,high qualif/self emp/mgmt,1,none,yes,good,male,single,aged
no checking,15,existing paid,new car,3186,>=1000,4<=X<7,2,none,3,car,20,none,rent,1,skilled,1,none,yes,good,female,div/sep,young
<0,48,existing paid,radio/tv,6999,<100,4<=X<7,1,guarantor,1,real estate,34,none,own,2,skilled,1,yes,yes,bad,male,mar/wid,aged
no checking,15,existing paid,radio/tv,1386,no known savings,1<=X<4,4,none,2,real estate,40,none,rent,1,skilled,1,yes,yes,good,male,mar/wid,aged
no checking,12,critical/other existing credit,radio/tv,618,<100,>=7,4,none,4,real estate,56,none,own,1,skilled,1,none,yes,good,male,single,aged
no checking,24,critical/other existing credit,used car,6842,no known savings,1<=X<4,2,none,4,life insurance,46,none,own,2,high qualif/self emp/mgmt,2,yes,yes,good,male,single,aged
0<=X<200,36,delayed previously,business,4455,<100,1<=X<4,2,none,2,real estate,30,stores,own,2,high qualif/self emp/mgmt,1,yes,yes,bad,male,div/sep,aged
<0,30,existing paid,repairs,11998,<100,<1,1,none,1,no known property,34,none,own,1,unskilled resident,1,yes,yes,bad,male,div/sep,aged
no checking,36,delayed previously,used car,8947,no known savings,4<=X<7,3,none,2,car,31,stores,own,1,high qualif/self emp/mgmt,2,yes,yes,good,male,single,aged
no checking,36,existing paid,radio/tv,2394,no known savings,1<=X<4,4,none,4,car,25,none,own,1,skilled,1,none,yes,good,female,div/sep,aged
0<=X<200,36,existing paid,used car,9398,<100,<1,1,none,4,car,28,none,rent,1,high qualif/self emp/mgmt,1,yes,yes,bad,male,mar/wid,aged
<0,36,delayed previously,education,6887,<100,1<=X<4,4,none,3,life insurance,29,stores,own,1,skilled,1,yes,yes,bad,male,single,aged
no checking,6,existing paid,new car,672,<100,unemployed,1,none,4,real estate,54,none,own,1,unemp/unskilled non res,1,yes,yes,good,female,div/sep,aged
0<=X<200,12,existing paid,furniture/equipment,2762,no known savings,>=7,1,none,2,life insurance,25,bank,own,1,skilled,1,yes,yes,bad,female,div/sep,aged
no checking,12,critical/other existing credit,furniture/equipment,5801,no known savings,>=7,2,none,4,life insurance,49,none,rent,1,skilled,1,yes,yes,good,male,single,aged
no checking,21,critical/other existing credit,furniture/equipment,2288,<100,<1,4,none,4,life insurance,23,none,own,1,skilled,1,yes,yes,good,female,div/sep,young
no checking,21,delayed previously,furniture/equipment,1591,100<=X<500,4<=X<7,4,none,3,real estate,34,none,own,2,high qualif/self emp/mgmt,1,none,yes,good,male,single,aged
0<=X<200,18,critical/other existing credit,new car,1056,<100,>=7,3,guarantor,3,real estate,30,bank,own,2,skilled,1,none,yes,bad,male,single,aged
no checking,12,critical/other existing credit,radio/tv,1240,no known savings,>=7,4,none,2,real estate,38,none,own,2,skilled,1,yes,yes,good,female,div/sep,aged
no checking,36,critical/other existing credit,used car,11054,no known savings,1<=X<4,4,none,2,car,30,none,own,1,high qualif/self emp/mgmt,1,yes,yes,good,male,single,aged
no checking,36,existing paid,new car,909,500<=X<1000,>=7,4,none,4,life insurance,36,none,own,1,skilled,1,none,yes,good,male,single,aged
0<=X<200,7,existing paid,radio/tv,2415,<100,1<=X<4,3,guarantor,2,real estate,34,none,own,1,skilled,1,none,yes,good,male,single,aged
no checking,24,critical/other existing credit,radio/tv,2223,100<=X<500,>=7,4,none,4,life insurance,52,bank,own,2,skilled,1,none,yes,good,male,single,aged
no checking,6,existing paid,radio/tv,2108,<100,4<=X<7,2,none,2,real estate,29,none,rent,1,skilled,1,none,yes,good,male,mar/wid,aged
0<=X<200,15,critical/other existing credit,business,2326,500<=X<1000,1<=X<4,2,none,4,car,27,bank,own,1,skilled,1,none,yes,good,male,single,aged
no checking,15,critical/other existing credit,radio/tv,1471,<100,1<=X<4,4,none,4,no known property,35,none,for free,2,skilled,1,yes,yes,good,male,single,aged
0<=X<200,24,critical/other existing credit,business,1935,<100,>=7,4,none,4,real estate,31,none,own,2,skilled,1,yes,yes,bad,male,div/sep,aged
no checking,15,existing paid,new car,5324,500<=X<1000,>=7,1,none,4,no known property,35,none,for free,1,skilled,1,none,yes,good,female,div/sep,aged
>=200,6,existing paid,new car,709,>=1000,<1,2,none,2,real estate,27,none,own,1,unemp/unskilled non res,1,none,no,good,male,mar/wid,aged
0<=X<200,8,existing paid,radio/tv,1414,<100,1<=X<4,4,guarantor,2,real estate,33,none,own,1,skilled,1,none,no,good,male,single,aged
no checking,24,existing paid,furniture/equipment,2835,500<=X<1000,>=7,3,none,4,life insurance,53,none,own,1,skilled,1,none,yes,good,male,single,aged
<0,13,critical/other existing credit,business,1797,<100,<1,3,none,1,life insurance,28,bank,own,2,unskilled resident,1,none,yes,good,male,single,aged
0<=X<200,12,existing paid,business,1037,100<=X<500,4<=X<7,3,none,4,real estate,39,none,own,1,unskilled resident,1,none,yes,good,male,single,aged
0<=X<200,42,critical/other existing credit,business,5954,<100,4<=X<7,2,none,1,real estate,41,bank,own,2,unskilled resident,1,none,yes,good,female,div/sep,aged
no checking,36,delayed previously,radio/tv,4454,<100,1<=X<4,4,none,4,real estate,34,none,own,2,skilled,1,none,yes,good,female,div/sep,aged
<0,48,existing paid,domestic appliance,3051,<100,1<=X<4,3,none,4,car,54,none,own,1,skilled,1,none,yes,bad,male,single,aged
no checking,12,critical/other existing credit,radio/tv,1291,<100,1<=X<4,4,none,2,life insurance,35,none,own,2,skilled,1,none,yes,good,female,div/sep,aged
0<=X<200,48,all paid,business,3566,100<=X<500,4<=X<7,4,none,2,car,30,none,own,1,skilled,1,none,yes,good,male,single,aged
no checking,6,critical/other existing credit,furniture/equipment,1221,no known savings,1<=X<4,1,none,2,life insurance,27,none,own,2,skilled,1,none,yes,good,male,mar/wid,aged
no checking,4,critical/other existing credit,radio/tv,1544,<100,4<=X<7,2,none,1,real estate,42,none,own,3,unskilled resident,2,none,yes,good,male,single,aged
0<=X<200,12,existing paid,radio/tv,625,<100,<1,4,guarantor,1,real estate,26,bank,own,1,unskilled resident,1,none,yes,good,male,mar/wid,aged
0<=X<200,12,existing paid,new car,2002,<100,4<=X<7,3,none,4,life insurance,30,none,rent,1,skilled,2,yes,yes,good,male,single,aged
<0,24,existing paid,new car,3123,<100,<1,4,none,1,life insurance,27,none,own,1,skilled,1,none,yes,bad,female,div/sep,aged
no checking,15,existing paid,furniture/equipment,2708,<100,<1,2,none,3,life insurance,27,bank,own,2,unskilled resident,1,none,yes,good,male,single,aged
no checking,12,critical/other existing credit,education,3565,no known savings,<1,2,none,1,life insurance,37,none,own,2,unskilled resident,2,none,yes,good,male,single,aged
>=200,12,critical/other existing credit,new car,1480,500<=X<1000,unemployed,2,none,4,no known property,66,bank,for free,3,unemp/unskilled non res,1,none,yes,good,male,single,aged
no checking,15,critical/other existing credit,radio/tv,1360,<100,1<=X<4,4,none,2,life insurance,31,none,own,2,skilled,1,none,yes,good,male,single,aged
0<=X<200,12,existing paid,radio/tv,1158,500<=X<1000,1<=X<4,3,none,1,car,26,none,own,1,skilled,1,yes,yes,good,male,div/sep,aged
0<=X<200,12,existing paid,radio/tv,1103,<100,4<=X<7,4,guarantor,3,real estate,29,none,own,2,skilled,1,none,no,good,male,single,aged
<0,24,existing paid,furniture/equipment,7721,no known savings,<1,1,none,2,life insurance,30,none,own,1,skilled,1,yes,no,good,female,div/sep,aged
<0,18,existing paid,domestic appliance,1217,<100,1<=X<4,4,none,3,real estate,47,none,own,1,unskilled resident,1,yes,yes,bad,male,mar/wid,aged
0<=X<200,12,existing paid,radio/tv,6468,no known savings,unemployed,2,none,1,no known property,52,none,own,1,high qualif/self emp/mgmt,1,yes,yes,bad,male,single,aged
0<=X<200,24,existing paid,radio/tv,2039,<100,<1,1,none,1,life insurance,22,none,own,1,skilled,1,yes,yes,bad,male,mar/wid,young
0<=X<200,20,delayed previously,other,2629,<100,1<=X<4,2,none,3,car,29,bank,own,2,skilled,1,yes,yes,good,male,single,aged
>=200,15,critical/other existing credit,radio/tv,1271,no known savings,1<=X<4,3,none,4,no known property,39,none,for free,2,skilled,1,yes,yes,bad,male,single,aged
no checking,12,existing paid,radio/tv,804,<100,>=7,4,none,4,car,38,none,own,1,skilled,1,none,yes,good,male,single,aged
no checking,10,critical/other existing credit,furniture/equipment,2069,no known savings,1<=X<4,2,none,1,car,26,none,own,2,skilled,1,none,no,good,male,mar/wid,aged
no checking,48,delayed previously,radio/tv,7238,no known savings,>=7,3,none,3,car,32,bank,own,2,skilled,2,none,yes,good,male,single,aged
>=200,18,existing paid,furniture/equipment,3049,<100,<1,1,none,1,life insurance,45,stores,own,1,unskilled resident,1,none,yes,good,female,div/sep,aged
0<=X<200,15,existing paid,new car,2631,100<=X<500,1<=X<4,2,none,4,car,28,none,rent,2,skilled,1,yes,yes,bad,female,div/sep,aged
0<=X<200,30,existing paid,furniture/equipment,3441,100<=X<500,1<=X<4,2,co applicant,4,car,21,none,rent,1,skilled,1,none,yes,bad,female,div/sep,young
no checking,24,existing paid,radio/tv,2284,<100,4<=X<7,4,none,2,car,28,none,own,1,skilled,1,yes,yes,good,male,single,aged
<0,18,critical/other existing credit,furniture/equipment,1049,<100,<1,4,none,4,life insurance,21,none,rent,1,skilled,1,none,yes,good,female,div/sep,young
<0,24,existing paid,furniture/equipment,4169,<100,1<=X<4,4,none,4,life insurance,28,none,own,1,skilled,1,none,yes,good,male,single,aged
0<=X<200,27,delayed previously,used car,5965,<100,>=7,1,none,2,car,30,none,own,2,high qualif/self emp/mgmt,1,yes,yes,good,male,single,aged
0<=X<200,15,all paid,new car,6850,100<=X<500,unemployed,1,none,2,life insurance,34,none,own,1,high qualif/self emp/mgmt,2,yes,yes,bad,male,single,aged
<0,6,critical/other existing credit,new car,1361,<100,<1,2,none,4,real estate,40,none,own,1,unskilled resident,2,none,no,good,male,single,aged
no checking,18,critical/other existing credit,furniture/equipment,1817,<100,1<=X<4,4,none,2,no known property,28,none,own,2,skilled,1,none,yes,good,female,div/sep,aged
no checking,24,critical/other existing credit,new car,1940,>=1000,>=7,4,none,4,real estate,60,none,own,1,skilled,1,yes,yes,good,male,single,aged
no checking,10,critical/other existing credit,new car,1231,<100,>=7,3,none,4,real estate,32,none,own,2,unskilled resident,2,none,no,good,male,single,aged
no checking,6,critical/other existing credit,radio/tv,1554,<100,4<=X<7,1,none,2,car,24,none,rent,2,skilled,1,yes,yes,good,female,div/sep,young
no checking,18,critical/other existing credit,radio/tv,629,500<=X<1000,>=7,4,none,3,life insurance,32,bank,own,2,high qualif/self emp/mgmt,1,yes,yes,good,male,single,aged
no checking,15,delayed previously,radio/tv,1478,<100,1<=X<4,4,none,3,real estate,33,bank,own,2,skilled,1,none,yes,good,male,mar/wid,aged
<0,45,no credits/all paid,business,11816,<100,>=7,2,none,4,car,29,none,rent,2,skilled,1,none,yes,bad,male,single,aged
<0,6,existing paid,new car,1203,100<=X<500,>=7,3,none,2,life insurance,43,none,own,1,skilled,1,yes,yes,good,male,single,aged
0<=X<200,7,existing paid,radio/tv,2576,<100,1<=X<4,2,guarantor,2,real estate,35,none,own,1,skilled,1,none,yes,good,male,single,aged
0<=X<200,24,existing paid,used car,12579,<100,>=7,4,none,2,no known property,44,none,for free,1,high qualif/self emp/mgmt,1,yes,yes,bad,female,div/sep,aged
no checking,30,critical/other existing credit,used car,7596,no known savings,>=7,1,none,4,car,63,none,own,2,skilled,1,none,yes,good,male,single,aged
no checking,15,delayed previously,furniture/equipment,960,>=1000,4<=X<7,3,none,2,life insurance,30,none,own,2,skilled,1,none,yes,good,female,div/sep,aged
0<=X<200,48,existing paid,radio/tv,3979,no known savings,4<=X<7,4,none,1,car,41,none,own,2,skilled,2,yes,yes,good,male,single,aged
no checking,24,critical/other existing credit,repairs,2058,<100,1<=X<4,4,none,2,real estate,33,none,own,2,skilled,1,yes,yes,good,male,div/sep,aged
<0,18,existing paid,furniture/equipment,3650,<100,<1,1,none,4,car,22,none,rent,1,skilled,1,none,yes,good,female,div/sep,young
<0,24,existing paid,other,1755,<100,>=7,4,guarantor,4,real estate,58,none,own,1,unskilled resident,1,yes,yes,good,female,div/sep,aged
0<=X<200,15,critical/other existing credit,radio/tv,1537,no known savings,>=7,4,guarantor,4,real estate,50,none,own,2,skilled,1,yes,yes,good,male,single,aged
no checking,12,existing paid,radio/tv,1493,<100,<1,4,none,3,car,34,none,own,1,skilled,2,none,yes,good,female,div/sep,aged
0<=X<200,48,all paid,new car,12169,no known savings,unemployed,4,co applicant,4,no known property,36,none,for free,1,high qualif/self emp/mgmt,1,yes,yes,good,male,single,aged
<0,47,existing paid,new car,10722,<100,<1,1,none,1,real estate,35,none,own,1,unskilled resident,1,yes,yes,good,female,div/sep,aged
0<=X<200,18,existing paid,education,1239,no known savings,1<=X<4,4,none,4,no known property,61,none,for free,1,skilled,1,none,yes,good,male,single,aged
no checking,10,existing paid,education,727,500<=X<1000,>=7,4,none,4,no known property,46,none,for free,1,skilled,1,yes,yes,good,male,single,aged
<0,11,critical/other existing credit,new car,3905,<100,1<=X<4,2,none,2,real estate,36,none,rent,2,skilled,2,none,yes,good,male,single,aged
no checking,6,existing paid,furniture/equipment,4611,<100,<1,1,none,4,life insurance,32,none,own,1,skilled,1,none,yes,bad,female,div/sep,aged
0<=X<200,12,existing paid,radio/tv,1567,<100,1<=X<4,1,none,1,car,22,none,own,1,skilled,1,yes,yes,good,female,div/sep,young
<0,21,all paid,new car,1647,no known savings,1<=X<4,4,none,2,life insurance,40,none,own,2,unskilled resident,2,none,yes,bad,male,single,aged
<0,36,existing paid,furniture/equipment,3446,<100,>=7,4,none,2,car,42,none,own,1,skilled,2,none,yes,bad,male,single,aged
no checking,24,existing paid,used car,9277,no known savings,1<=X<4,2,none,4,no known property,48,none,for free,1,skilled,1,yes,yes,good,male,div/sep,aged
0<=X<200,48,no credits/all paid,business,12204,no known savings,1<=X<4,2,none,2,car,48,bank,own,1,high qualif/self emp/mgmt,1,yes,yes,good,male,single,aged
no checking,24,delayed previously,business,2978,no known savings,1<=X<4,4,none,4,real estate,32,none,own,2,skilled,2,yes,yes,good,male,single,aged
no checking,24,existing paid,used car,5433,no known savings,unemployed,2,none,4,life insurance,26,none,rent,1,high qualif/self emp/mgmt,1,yes,yes,good,female,div/sep,aged
0<=X<200,15,existing paid,repairs,1514,100<=X<500,1<=X<4,4,guarantor,2,real estate,22,none,own,1,skilled,1,none,yes,good,male,single,young
0<=X<200,36,delayed previously,new car,8086,100<=X<500,>=7,2,none,4,car,42,none,own,4,high qualif/self emp/mgmt,1,yes,yes,bad,male,single,aged
<0,24,delayed previously,new car,1333,<100,unemployed,4,none,2,real estate,43,none,for free,2,skilled,2,none,yes,bad,male,single,aged
no checking,9,existing paid,furniture/equipment,1388,<100,1<=X<4,4,none,2,real estate,26,none,rent,1,skilled,1,none,yes,good,female,div/sep,aged
no checking,9,existing paid,furniture/equipment,1980,<100,<1,2,co applicant,2,car,19,none,rent,2,skilled,1,none,yes,bad,female,div/sep,young
<0,12,existing paid,furniture/equipment,2577,<100,1<=X<4,2,none,1,car,42,none,own,1,skilled,1,none,yes,good,male,div/sep,aged
no checking,24,critical/other existing credit,other,6314,<100,unemployed,4,co applicant,2,no known property,27,bank,own,2,high qualif/self emp/mgmt,1,yes,yes,good,male,single,aged
no checking,6,critical/other existing credit,new car,2080,500<=X<1000,1<=X<4,1,none,2,car,24,none,own,1,skilled,1,none,yes,good,male,mar/wid,young
<0,18,existing paid,furniture/equipment,2039,<100,1<=X<4,1,none,4,real estate,20,bank,rent,1,skilled,1,none,yes,bad,female,div/sep,young
no checking,15,existing paid,domestic appliance,874,no known savings,<1,4,none,1,real estate,24,none,own,1,skilled,1,none,yes,good,female,div/sep,young
<0,6,critical/other existing credit,radio/tv,1957,<100,4<=X<7,1,none,4,car,31,none,own,1,skilled,1,none,yes,good,female,div/sep,aged
0<=X<200,10,existing paid,new car,7308,<100,unemployed,2,none,4,no known property,70,bank,for free,1,high qualif/self emp/mgmt,1,yes,yes,good,male,single,aged
>=200,24,existing paid,furniture/equipment,1925,<100,1<=X<4,2,none,2,real estate,26,none,own,1,skilled,1,none,yes,good,male,single,aged
0<=X<200,24,existing paid,new car,1355,<100,<1,3,none,4,car,25,none,own,1,unskilled resident,1,yes,yes,bad,female,div/sep,aged
<0,12,existing paid,education,795,<100,<1,4,none,4,life insurance,53,none,own,1,skilled,1,none,yes,bad,female,div/sep,aged
>=200,30,critical/other existing credit,radio/tv,3017,<100,>=7,4,none,4,life insurance,47,none,own,1,skilled,1,none,yes,good,male,single,aged
<0,48,all paid,business,7685,<100,4<=X<7,2,guarantor,4,car,37,none,rent,1,skilled,1,none,yes,bad,female,div/sep,aged
no checking,12,critical/other existing credit,business,2292,<100,unemployed,4,none,2,car,42,stores,own,2,high qualif/self emp/mgmt,1,yes,yes,bad,male,single,aged
<0,36,existing paid,education,1977,no known savings,>=7,4,none,4,no known property,40,none,own,1,high qualif/self emp/mgmt,1,yes,yes,bad,male,single,aged
no checking,36,critical/other existing credit,new car,7855,<100,1<=X<4,4,none,2,real estate,25,stores,own,2,skilled,1,yes,yes,bad,female,div/sep,aged
no checking,18,critical/other existing credit,new car,2775,<100,4<=X<7,2,none,2,life insurance,31,bank,own,2,skilled,1,none,yes,bad,male,single,aged
0<=X<200,21,delayed previously,new car,2353,<100,1<=X<4,1,none,4,life insurance,47,none,own,2,skilled,1,none,yes,good,male,div/sep,aged
no checking,18,existing paid,new car,1820,<100,1<=X<4,2,none,2,life insurance,30,none,own,1,high qualif/self emp/mgmt,1,yes,yes,good,male,mar/wid,aged
no checking,12,existing paid,used car,2445,no known savings,<1,2,none,4,car,26,none,rent,1,skilled,1,yes,yes,good,male,mar/wid,aged
<0,12,existing paid,radio/tv,1680,500<=X<1000,>=7,3,none,1,real estate,35,none,own,1,skilled,1,none,yes,good,male,mar/wid,aged
<0,18,delayed previously,education,8471,no known savings,1<=X<4,1,none,2,car,23,none,rent,2,skilled,1,yes,yes,good,female,div/sep,young
0<=X<200,26,existing paid,used car,7966,<100,<1,2,none,3,car,30,none,own,2,skilled,1,none,yes,good,male,single,aged
<0,12,existing paid,used car,3386,<100,>=7,3,none,4,no known property,35,none,for free,1,skilled,1,yes,yes,bad,male,single,aged
>=200,12,critical/other existing credit,new car,939,500<=X<1000,4<=X<7,4,none,2,real estate,28,none,own,3,skilled,1,yes,yes,bad,male,mar/wid,aged
no checking,12,critical/other existing credit,radio/tv,797,no known savings,>=7,4,none,3,life insurance,33,bank,own,1,unskilled resident,2,none,yes,bad,female,div/sep,aged
<0,24,existing paid,furniture/equipment,1747,<100,<1,4,co applicant,1,life insurance,24,none,own,1,unskilled resident,1,none,no,good,male,single,young
<0,12,no credits/all paid,repairs,1108,<100,4<=X<7,4,none,3,real estate,28,none,own,2,skilled,1,none,yes,bad,male,single,aged
0<=X<200,13,existing paid,radio/tv,2101,<100,<1,2,guarantor,4,life insurance,23,none,own,1,unskilled resident,1,none,yes,good,female,div/sep,young
<0,24,existing paid,used car,6579,<100,unemployed,4,none,2,no known property,29,none,for free,1,high qualif/self emp/mgmt,1,yes,yes,good,male,single,aged
no checking,48,delayed previously,radio/tv,12749,500<=X<1000,4<=X<7,4,none,1,car,37,none,own,1,high qualif/self emp/mgmt,1,yes,yes,good,male,single,aged
no checking,12,critical/other existing credit,radio/tv,522,500<=X<1000,>=7,4,none,4,life insurance,42,none,own,2,skilled,2,yes,yes,good,male,single,aged
<0,24,all paid,furniture/equipment,2828,500<=X<1000,1<=X<4,4,none,4,real estate,22,stores,own,1,skilled,1,yes,yes,good,male,single,young
0<=X<200,24,existing paid,new car,2718,<100,1<=X<4,3,none,4,life insurance,20,none,rent,1,unskilled resident,1,yes,yes,bad,female,div/sep,young
>=200,10,existing paid,new car,1240,100<=X<500,>=7,1,none,4,no known property,48,none,for free,1,unskilled resident,2,none,yes,bad,female,div/sep,aged
0<=X<200,12,existing paid,new car,1318,>=1000,>=7,4,none,4,real estate,54,none,own,1,skilled,1,yes,yes,good,male,single,aged
<0,48,existing paid,business,4308,<100,<1,3,none,4,life insurance,24,none,rent,1,skilled,1,none,yes,bad,female,div/sep,young
<0,12,existing paid,furniture/equipment,2578,<100,unemployed,3,none,4,no known property,55,none,for free,1,high qualif/self emp/mgmt,1,none,yes,good,female,div/sep,aged
no checking,24,existing paid,radio/tv,1311,100<=X<500,4<=X<7,4,none,3,life insurance,26,none,own,1,skilled,1,yes,yes,good,male,mar/wid,aged
<0,30,critical/other existing credit,used car,6187,100<=X<500,4<=X<7,1,none,4,car,24,none,rent,2,skilled,1,none,yes,good,male,mar/wid,young
0<=X<200,18,delayed previously,repairs,6204,<100,1<=X<4,2,none,4,real estate,44,none,own,1,unskilled resident,2,yes,yes,good,male,single,aged
0<=X<200,6,existing paid,radio/tv,1068,<100,>=7,4,none,4,car,28,none,own,1,skilled,2,none,yes,good,male,single,aged
0<=X<200,11,existing paid,furniture/equipment,1577,>=1000,<1,4,none,1,real estate,20,none,own,1,skilled,1,none,yes,good,female,div/sep,young
no checking,24,critical/other existing credit,furniture/equipment,1585,<100,4<=X<7,4,none,3,life insurance,40,none,own,2,skilled,1,none,yes,good,male,single,aged
<0,18,all paid,radio/tv,1940,<100,<1,3,co applicant,4,no known property,36,bank,for free,1,high qualif/self emp/mgmt,1,yes,yes,good,male,single,aged
0<=X<200,24,no credits/all paid,business,4241,<100,1<=X<4,1,none,4,real estate,36,none,own,3,unskilled resident,1,yes,yes,bad,male,single,aged
>=200,6,critical/other existing credit,new car,1299,<100,1<=X<4,1,none,1,real estate,74,none,own,3,unemp/unskilled non res,2,none,no,good,male,single,aged
no checking,24,existing paid,new car,1469,100<=X<500,>=7,4,none,4,real estate,41,none,rent,1,unskilled resident,1,none,yes,good,male,mar/wid,aged
no checking,28,critical/other existing credit,radio/tv,2743,<100,>=7,4,none,2,car,29,none,own,2,skilled,1,none,yes,good,male,single,aged
no checking,12,existing paid,radio/tv,1963,<100,4<=X<7,4,none,2,car,31,none,rent,2,high qualif/self emp/mgmt,2,yes,yes,good,male,single,aged
0<=X<200,48,critical/other existing credit,furniture/equipment,5096,<100,1<=X<4,2,none,3,car,30,none,own,1,high qualif/self emp/mgmt,1,yes,yes,bad,female,div/sep,aged
<0,12,existing paid,new car,2579,<100,<1,4,none,1,real estate,33,none,own,1,unskilled resident,2,none,yes,bad,male,single,aged
no checking,36,delayed previously,furniture/equipment,7678,500<=X<1000,4<=X<7,2,none,4,car,40,none,own,2,skilled,1,yes,yes,good,female,div/sep,aged
0<=X<200,30,critical/other existing credit,new car,2181,no known savings,>=7,4,none,4,real estate,36,none,own,2,skilled,1,none,yes,good,male,single,aged
